utc-sec,year,month,day,hour,minute,seconds,temperature,humidity,feels-like,atm-pres,wind-spd,wind-dir,sunset-time,sunrise-time,cloud-perc
1668605495,2022,11,16,06,31,35,29.070000,81,18.790000,1027,12.660000,280,1668602662,1668638843,20
1668607221,2022,11,16,07,00,21,29.460000,80,20.390000,1027,10.360000,290,1668602662,1668638843,20
1668610826,2022,11,16,08,00,26,30.580000,77,30.580000,1028,1.990000,248,1668602662,1668638843,10
1668614416,2022,11,16,09,00,16,32.040000,71,32.040000,1028,1.990000,344,1668602662,1668638843,11
1668618032,2022,11,16,10,00,32,33.150000,66,30.630000,1028,3.000000,9,1668602662,1668638843,11
1668621625,2022,11,16,11,00,25,34.070000,61,28.710000,1027,5.990000,261,1668602662,1668638843,24
1668625220,2022,11,16,12,00,20,34.020000,60,30.400000,1026,4.000000,292,1668602662,1668638843,100
1668628811,2022,11,16,13,00,11,33.910000,56,30.270000,1027,4.000000,15,1668602662,1668638843,100
1668632422,2022,11,16,14,00,22,33.330000,60,30.830000,1027,3.000000,54,1668602662,1668638843,100
1668636018,2022,11,16,15,00,18,32.940000,62,30.380000,1027,3.000000,11,1668602662,1668638843,100
1668639612,2022,11,16,16,00,12,32.000000,64,27.070000,1027,5.010000,286,1668602662,1668638843,93
1668643220,2022,11,16,17,00,20,31.170000,65,28.380000,1028,3.000000,93,1668602662,1668638843,86
1668646829,2022,11,16,18,00,29,30.690000,69,27.840000,1029,3.000000,315,1668602662,1668638843,9
1668650426,2022,11,16,19,00,26,29.730000,69,18.280000,1028,16.110000,290,1668602662,1668638843,100
1668654015,2022,11,16,20,00,15,29.260000,67,20.160000,1028,10.360000,290,1668602662,1668638843,100
1668657614,2022,11,16,21,00,14,28.830000,69,28.830000,1029,1.990000,225,1668602662,1668638843,8
1668661218,2022,11,16,22,00,18,28.330000,70,25.160000,1029,3.000000,9,1668602662,1668638843,8
1668664818,2022,11,16,23,00,18,28.170000,71,28.170000,1029,1.010000,330,1668689128,1668725201,13
1668668415,2022,11,17,00,00,15,28.110000,71,28.110000,1029,1.010000,316,1668689128,1668725201,7
1668672014,2022,11,17,01,00,14,27.930000,70,19.130000,1028,9.220000,300,1668689128,1668725201,100
1668675617,2022,11,17,02,00,17,27.770000,72,17.150000,1028,12.660000,280,1668689128,1668725201,100
1668679222,2022,11,17,03,00,22,27.120000,72,19.690000,1028,6.910000,280,1668689128,1668725201,75
1668682837,2022,11,17,04,00,37,25.030000,75,20.770000,1028,3.440000,290,1668689128,1668725201,40
1668686430,2022,11,17,05,00,30,24.150000,80,24.150000,1029,1.990000,238,1668689128,1668725201,21
1668693638,2022,11,17,07,00,38,25.000000,81,25.000000,1029,1.990000,249,1668689128,1668725201,100
1668697232,2022,11,17,08,00,32,28.090000,71,28.090000,1029,1.990000,241,1668689128,1668725201,100
1668700827,2022,11,17,09,00,27,31.890000,64,27.950000,1029,4.000000,205,1668689128,1668725201,100
1668704425,2022,11,17,10,00,25,35.600000,58,35.600000,1028,1.990000,292,1668689128,1668725201,100
1668708014,2022,11,17,11,00,14,37.780000,48,35.850000,1028,3.000000,225,1668689128,1668725201,98
1668711629,2022,11,17,12,00,29,39.600000,49,36.840000,1026,4.000000,309,1668689128,1668725201,100
1668715210,2022,11,17,13,00,10,41.590000,54,39.160000,1026,4.000000,298,1668689128,1668725201,100
1668718821,2022,11,17,14,00,21,42.210000,50,42.210000,1025,1.990000,178,1668689128,1668725201,100
1668722419,2022,11,17,15,00,19,42.300000,50,42.300000,1025,1.990000,300,1668689128,1668725201,99
1668726015,2022,11,17,16,00,15,40.300000,52,40.300000,1025,1.990000,269,1668689128,1668725201,99
1668729628,2022,11,17,17,00,28,39.310000,54,39.310000,1026,1.010000,249,1668689128,1668725201,84
1668733213,2022,11,17,18,00,13,38.280000,59,32.520000,1026,7.940000,286,1668689128,1668725201,83
1668736812,2022,11,17,19,00,12,38.910000,62,38.910000,1026,1.990000,250,1668689128,1668725201,91
1668740414,2022,11,17,20,00,14,37.810000,61,37.810000,1027,1.990000,273,1668689128,1668725201,92
1668744013,2022,11,17,21,00,13,35.710000,55,35.710000,1027,1.990000,0,1668689128,1668725201,81
1668747617,2022,11,17,22,00,17,33.030000,54,29.260000,1028,4.000000,314,1668689128,1668725201,70
1668751218,2022,11,17,23,00,18,30.490000,60,27.610000,1028,3.000000,51,1668775594,1668811561,90
1668754816,2022,11,18,00,00,16,29.260000,56,29.260000,1028,1.010000,339,1668775594,1668811561,9
1668758414,2022,11,18,01,00,14,28.490000,57,28.490000,1028,1.990000,265,1668775594,1668811561,24
1668762017,2022,11,18,02,00,17,27.410000,53,24.130000,1028,3.000000,338,1668775594,1668811561,33
1668765615,2022,11,18,03,00,15,26.670000,56,26.670000,1028,1.990000,0,1668775594,1668811561,26
1668769227,2022,11,18,04,00,27,25.610000,63,25.610000,1029,1.010000,294,1668775594,1668811561,22
1668772831,2022,11,18,05,00,31,24.930000,61,21.330000,1029,3.000000,215,1668775594,1668811561,20
1668776442,2022,11,18,06,00,42,23.970000,61,23.970000,1029,1.990000,9,1668775594,1668811561,3
1668780021,2022,11,18,07,00,21,23.670000,61,23.670000,1030,1.990000,0,1668775594,1668811561,7
1668783622,2022,11,18,08,00,22,24.750000,60,19.690000,1030,4.000000,293,1668775594,1668811561,12
1668787214,2022,11,18,09,00,14,26.690000,58,23.310000,1031,3.000000,298,1668775594,1668811561,14
1668790821,2022,11,18,10,00,21,28.180000,57,28.180000,1031,1.990000,236,1668775594,1668811561,16
1668794421,2022,11,18,11,00,21,29.280000,51,23.880000,1031,5.010000,265,1668775594,1668811561,12
1668798024,2022,11,18,12,00,24,30.160000,49,25.950000,1030,4.000000,284,1668775594,1668811561,40
1668801619,2022,11,18,13,00,19,30.400000,49,20.640000,1028,12.280000,286,1668775594,1668811561,43
1668805228,2022,11,18,14,00,28,30.340000,47,30.340000,1029,1.990000,265,1668775594,1668811561,48
1668808811,2022,11,18,15,00,11,29.660000,52,26.670000,1028,3.000000,248,1668775594,1668811561,59
1668812420,2022,11,18,16,00,20,27.660000,51,27.660000,1029,1.010000,281,1668775594,1668811561,63
1668816011,2022,11,18,17,00,11,26.470000,53,18.160000,1029,7.940000,276,1668775594,1668811561,66
1668819613,2022,11,18,18,00,13,25.880000,55,25.880000,1029,1.010000,209,1668775594,1668811561,37
1668823220,2022,11,18,19,00,20,24.940000,60,24.940000,1029,1.990000,273,1668775594,1668811561,25
1668826812,2022,11,18,20,00,12,24.150000,61,24.150000,1029,1.010000,265,1668775594,1668811561,17
1668830412,2022,11,18,21,00,12,23.160000,60,23.160000,1030,1.010000,9,1668775594,1668811561,12
1668834023,2022,11,18,22,00,23,22.350000,62,22.350000,1029,1.010000,265,1668775594,1668811561,10
1668837620,2022,11,18,23,00,20,21.630000,67,11.410000,1029,9.170000,260,1668862060,1668897923,3
1668841216,2022,11,19,00,00,16,20.700000,68,20.700000,1029,1.010000,273,1668862060,1668897923,0
1668844811,2022,11,19,01,00,11,20.300000,70,20.300000,1029,1.010000,257,1668862060,1668897923,0
1668848447,2022,11,19,02,00,47,20.190000,69,8.200000,1027,11.500000,230,1668862060,1668897923,0
1668852013,2022,11,19,03,00,13,19.800000,70,19.800000,1027,1.990000,275,1668862060,1668897923,0
1668855613,2022,11,19,04,00,13,19.920000,70,19.920000,1027,1.010000,261,1668862060,1668897923,0
1668859225,2022,11,19,05,00,25,19.940000,69,8.890000,1027,9.840000,232,1668862060,1668897923,0
1668862838,2022,11,19,06,00,38,20.320000,67,20.320000,1026,1.990000,205,1668862060,1668897923,0
1668866423,2022,11,19,07,00,23,22.680000,64,18.770000,1026,3.000000,247,1668862060,1668897923,0
1668870017,2022,11,19,08,00,17,26.350000,59,22.930000,1025,3.000000,291,1668862060,1668897923,0
1668873611,2022,11,19,09,00,11,31.590000,52,27.590000,1025,4.000000,226,1668862060,1668897923,0
1668877221,2022,11,19,10,00,21,34.200000,49,29.640000,1024,5.010000,225,1668862060,1668897923,0
1668880845,2022,11,19,11,00,45,36.050000,46,24.840000,1023,21.850000,270,1668862060,1668897923,20
1668884410,2022,11,19,12,00,10,36.770000,47,33.580000,1024,4.000000,270,1668862060,1668897923,0
1668888011,2022,11,19,13,00,11,36.860000,47,33.690000,1024,4.000000,225,1668862060,1668897923,2
1668891612,2022,11,19,14,00,12,36.230000,47,32.950000,1025,4.000000,225,1668862060,1668897923,24
1668895221,2022,11,19,15,00,21,34.300000,49,30.740000,1026,4.000000,180,1668862060,1668897923,26
1668898848,2022,11,19,16,00,48,32.000000,50,22.050000,1027,13.800000,300,1668862060,1668897923,40
1668902423,2022,11,19,17,00,23,30.630000,51,25.470000,1028,5.010000,225,1668862060,1668897923,19
1668906025,2022,11,19,18,00,25,29.190000,50,29.190000,1030,1.010000,279,1668862060,1668897923,3
1668909612,2022,11,19,19,00,12,28.130000,52,18.950000,1030,9.950000,304,1668862060,1668897923,2
1668913219,2022,11,19,20,00,19,27.100000,55,27.100000,1031,1.010000,309,1668862060,1668897923,1
1668916812,2022,11,19,21,00,12,26.420000,57,26.420000,1031,1.010000,319,1668862060,1668897923,1
1668920419,2022,11,19,22,00,19,25.540000,59,16.570000,1032,8.590000,306,1668862060,1668897923,1
1668924018,2022,11,19,23,00,18,24.040000,62,15.510000,1032,7.520000,307,1668948525,1668984286,1
1668927616,2022,11,20,00,00,16,22.840000,64,14.880000,1032,6.490000,300,1668948525,1668984286,0
1668931217,2022,11,20,01,00,17,22.280000,67,14.700000,1033,5.950000,293,1668948525,1668984286,0
1668934815,2022,11,20,02,00,15,21.900000,67,14.410000,1033,5.770000,287,1668948525,1668984286,0
1668938412,2022,11,20,03,00,12,21.060000,70,13.640000,1033,5.550000,281,1668948525,1668984286,0
1668942014,2022,11,20,04,00,14,20.010000,73,13.010000,1033,4.990000,278,1668948525,1668984286,0
1668945620,2022,11,20,05,00,20,19.220000,79,12.780000,1033,4.410000,267,1668948525,1668984286,0
1668949225,2022,11,20,06,00,25,18.680000,80,13.030000,1033,3.760000,255,1668948525,1668984286,0
1668952815,2022,11,20,07,00,15,22.260000,73,22.260000,1033,1.010000,250,1668948525,1668984286,0
1668956415,2022,11,20,08,00,15,27.360000,63,27.360000,1034,1.010000,178,1668948525,1668984286,0
1668960013,2022,11,20,09,00,13,31.100000,55,31.100000,1034,1.990000,0,1668948525,1668984286,0
1668963624,2022,11,20,10,00,24,34.020000,50,31.600000,1034,3.000000,270,1668948525,1668984286,0
1668967216,2022,11,20,11,00,16,36.000000,46,33.840000,1033,3.000000,254,1668948525,1668984286,0
1668970817,2022,11,20,12,00,17,38.530000,42,36.720000,1032,3.000000,244,1668948525,1668984286,0
1668974414,2022,11,20,13,00,14,40.150000,34,40.150000,1030,1.990000,169,1668948525,1668984286,0
1668978012,2022,11,20,14,00,12,41.320000,32,41.320000,1029,1.990000,162,1668948525,1668984286,0
1668981610,2022,11,20,15,00,10,40.710000,36,39.180000,1029,3.000000,202,1668948525,1668984286,0
1668985211,2022,11,20,16,00,11,37.670000,42,37.670000,1029,1.010000,158,1668948525,1668984286,0
1668988839,2022,11,20,17,00,39,34.650000,46,28.490000,1029,7.310000,177,1668948525,1668984286,0
1668992413,2022,11,20,18,00,13,33.580000,49,25.930000,1029,9.530000,186,1668948525,1668984286,5
1668996012,2022,11,20,19,00,12,33.130000,50,25.090000,1029,10.090000,193,1668948525,1668984286,3
1668999618,2022,11,20,20,00,18,32.760000,50,24.940000,1028,9.460000,196,1668948525,1668984286,0
1669003222,2022,11,20,21,00,22,32.050000,50,24.440000,1028,8.790000,198,1668948525,1668984286,0
1669006816,2022,11,20,22,00,16,31.030000,52,23.700000,1028,7.940000,200,1668948525,1668984286,0
1669010415,2022,11,20,23,00,15,29.980000,53,22.840000,1028,7.340000,205,1669034990,1669070652,0
1669014015,2022,11,21,00,00,15,28.980000,55,21.700000,1028,7.200000,208,1669034990,1669070652,0
1669017614,2022,11,21,01,00,14,28.630000,57,20.910000,1028,7.740000,205,1669034990,1669070652,0
1669021213,2022,11,21,02,00,13,28.690000,57,20.880000,1028,7.900000,206,1669034990,1669070652,0
1669024817,2022,11,21,03,00,17,28.450000,59,20.570000,1027,7.940000,205,1669034990,1669070652,0
1669028416,2022,11,21,04,00,16,28.260000,60,28.260000,1027,1.010000,0,1669034990,1669070652,0
1669032036,2022,11,21,05,00,36,28.040000,62,19.980000,1027,8.080000,207,1669034990,1669070652,0
1669035639,2022,11,21,06,00,39,27.750000,65,19.450000,1027,8.320000,207,1669034990,1669070652,0
1669039217,2022,11,21,07,00,17,31.120000,61,23.430000,1027,8.570000,212,1669034990,1669070652,0
1669042824,2022,11,21,08,00,24,37.470000,54,37.470000,1027,1.010000,292,1669034990,1669070652,0
1669046415,2022,11,21,09,00,15,42.840000,48,41.580000,1027,3.000000,311,1669034990,1669070652,0
1669050017,2022,11,21,10,00,17,47.620000,45,47.620000,1027,1.990000,292,1669034990,1669070652,0
1669053622,2022,11,21,11,00,22,51.480000,42,48.290000,1026,1.990000,180,1669034990,1669070652,0
1669057216,2022,11,21,12,00,16,53.710000,34,50.380000,1025,4.000000,265,1669034990,1669070652,3
1669060818,2022,11,21,13,00,18,55.810000,32,52.590000,1025,1.990000,228,1669034990,1669070652,3
1669064414,2022,11,21,14,00,14,56.860000,31,53.710000,1025,1.990000,93,1669034990,1669070652,2
1669068025,2022,11,21,15,00,25,53.490000,30,49.950000,1024,6.550000,252,1669034990,1669070652,2
1669071616,2022,11,21,16,00,16,49.770000,37,47.770000,1025,5.300000,257,1669034990,1669070652,2
1669075218,2022,11,21,17,00,18,46.060000,48,43.570000,1026,5.030000,254,1669034990,1669070652,1
1669078812,2022,11,21,18,00,12,43.070000,53,40.030000,1026,5.080000,245,1669034990,1669070652,0
1669082433,2022,11,21,19,00,33,42.080000,55,38.570000,1026,5.480000,243,1669034990,1669070652,0
1669086024,2022,11,21,20,00,24,41.160000,55,37.440000,1027,5.550000,244,1669034990,1669070652,0
1669089627,2022,11,21,21,00,27,40.010000,58,36.100000,1027,5.530000,244,1669034990,1669070652,0
1669093222,2022,11,21,22,00,22,39.000000,59,35.020000,1027,5.370000,239,1669034990,1669070652,0
1669096816,2022,11,21,23,00,16,38.120000,61,34.030000,1027,5.300000,238,1669121455,1669157019,0
1669100412,2022,11,22,00,00,12,38.370000,59,34.110000,1027,5.590000,242,1669121455,1669157019,0
1669104018,2022,11,22,01,00,18,37.490000,60,33.220000,1027,5.370000,241,1669121455,1669157019,0
1669107614,2022,11,22,02,00,14,36.210000,62,31.840000,1027,5.230000,239,1669121455,1669157019,0
1669111246,2022,11,22,03,00,46,35.580000,63,35.580000,1027,0.000000,0,1669121455,1669157019,0
1669114818,2022,11,22,04,00,18,34.180000,68,29.520000,1027,5.140000,240,1669121455,1669157019,0
1669118423,2022,11,22,05,00,23,33.570000,70,28.850000,1027,5.080000,233,1669121455,1669157019,0
1669122015,2022,11,22,06,00,15,33.940000,69,29.250000,1027,5.120000,229,1669121455,1669157019,0
1669125630,2022,11,22,07,00,30,35.760000,70,31.420000,1027,5.080000,218,1669121455,1669157019,0
1669129215,2022,11,22,08,00,15,41.880000,62,41.880000,1027,1.990000,270,1669121455,1669157019,0
1669132817,2022,11,22,09,00,17,47.500000,60,47.500000,1028,1.990000,146,1669121455,1669157019,0
1669136413,2022,11,22,10,00,13,52.200000,56,49.750000,1027,1.990000,292,1669121455,1669157019,0
1669139750,2022,11,22,10,55,50,55.540000,52,53.240000,1026,1.990000,270,1669121456,1669157020,0
1669143612,2022,11,22,12,00,12,58.590000,46,56.300000,1025,3.000000,196,1669121455,1669157019,0
1669147212,2022,11,22,13,00,12,60.060000,45,57.880000,1024,4.000000,265,1669121455,1669157019,0
1669150810,2022,11,22,14,00,10,60.400000,38,57.940000,1024,3.000000,245,1669121455,1669157019,0
1669154422,2022,11,22,15,00,22,58.010000,47,55.720000,1024,1.010000,270,1669121455,1669157019,0
1669158022,2022,11,22,16,00,22,53.400000,52,50.880000,1024,4.070000,230,1669121455,1669157019,1
1669161676,2022,11,22,17,01,16,49.170000,56,48.340000,1023,3.440000,220,1669121455,1669157019,75
1669165213,2022,11,22,18,00,13,46.890000,60,44.670000,1024,4.830000,229,1669121455,1669157019,12
1669168817,2022,11,22,19,00,17,46.220000,61,43.750000,1024,5.030000,227,1669121455,1669157019,8
1669172412,2022,11,22,20,00,12,44.560000,64,41.560000,1024,5.410000,219,1669121455,1669157019,5
1669176017,2022,11,22,21,00,17,43.540000,66,40.350000,1024,5.410000,220,1669121455,1669157019,4
1669179614,2022,11,22,22,00,14,42.530000,68,39.150000,1024,5.440000,220,1669121455,1669157019,3
1669183215,2022,11,22,23,00,15,41.900000,69,38.500000,1024,5.280000,223,1669207919,1669243389,3
1669186813,2022,11,23,00,00,13,41.940000,70,38.790000,1024,4.940000,230,1669207919,1669243389,0
1669190415,2022,11,23,01,00,15,40.980000,68,37.850000,1023,4.720000,236,1669207919,1669243389,0
1669194015,2022,11,23,02,00,15,41.130000,67,38.100000,1023,4.610000,233,1669207919,1669243389,1
1669197616,2022,11,23,03,00,16,40.060000,70,37.110000,1022,4.320000,231,1669207919,1669243389,2
1669201223,2022,11,23,04,00,23,39.700000,69,36.720000,1023,4.290000,227,1669207919,1669243389,4
1669204828,2022,11,23,05,00,28,38.370000,75,35.330000,1023,4.120000,221,1669207919,1669243389,7
1669208428,2022,11,23,06,00,28,37.180000,87,34.110000,1025,3.960000,207,1669207919,1669243389,13
1669212034,2022,11,23,07,00,34,39.940000,77,37.200000,1023,4.050000,187,1669207919,1669243389,14
1669215628,2022,11,23,08,00,28,46.060000,71,43.950000,1023,4.470000,180,1669207919,1669243389,14
1669219209,2022,11,23,09,00,09,50.920000,67,48.870000,1024,1.990000,270,1669207919,1669243389,29
1669222828,2022,11,23,10,00,28,56.280000,61,54.480000,1023,1.010000,202,1669207919,1669243389,43
1669226422,2022,11,23,11,00,22,58.820000,58,57.130000,1023,1.990000,158,1669207919,1669243389,50
1669230015,2022,11,23,12,00,15,60.760000,57,59.220000,1022,1.990000,115,1669207919,1669243389,97
1669233617,2022,11,23,13,00,17,61.320000,56,59.790000,1021,1.990000,131,1669207919,1669243389,98
1669237214,2022,11,23,14,00,14,60.210000,54,58.460000,1019,3.000000,123,1669207919,1669243389,95
1669240821,2022,11,23,15,00,21,58.840000,55,57.000000,1019,1.010000,209,1669207919,1669243389,96
1669244413,2022,11,23,16,00,13,56.120000,61,54.300000,1020,1.990000,158,1669207919,1669243389,97
1669248033,2022,11,23,17,00,33,52.950000,63,50.900000,1020,1.010000,112,1669207919,1669243389,97
1669251609,2022,11,23,18,00,09,50.680000,63,48.420000,1021,1.010000,158,1669207919,1669243389,100
1669255213,2022,11,23,19,00,13,49.370000,64,49.370000,1020,1.990000,158,1669207919,1669243389,80
1669258811,2022,11,23,20,00,11,48.070000,64,44.910000,1021,6.930000,163,1669207919,1669243389,77
1669262413,2022,11,23,21,00,13,47.140000,65,43.930000,1020,6.620000,172,1669207919,1669243389,82
1669266019,2022,11,23,22,00,19,48.180000,62,48.180000,1020,1.990000,180,1669207919,1669243389,86
1669269617,2022,11,23,23,00,17,47.840000,62,45.250000,1020,5.730000,159,1669294383,1669329760,88
1669273213,2022,11,24,00,00,13,47.790000,62,45.700000,1020,4.880000,153,1669294383,1669329760,100
1669276812,2022,11,24,01,00,12,47.840000,62,47.840000,1020,1.010000,158,1669294383,1669329760,100
1669280414,2022,11,24,02,00,14,47.010000,67,44.640000,1019,5.120000,132,1669294383,1669329760,100
1669284015,2022,11,24,03,00,15,46.720000,69,44.240000,1020,5.210000,140,1669294383,1669329760,100
1669287616,2022,11,24,04,00,16,47.430000,65,47.430000,1020,1.990000,158,1669294383,1669329760,100
1669291221,2022,11,24,05,00,21,46.290000,71,43.750000,1020,5.170000,179,1669294383,1669329760,100
1669294820,2022,11,24,06,00,20,44.470000,90,42.980000,1021,3.440000,100,1669294383,1669329760,100
1669298414,2022,11,24,07,00,14,44.290000,93,44.290000,1022,1.010000,158,1669294383,1669329760,100
1669302025,2022,11,24,08,00,25,44.110000,92,42.570000,1022,3.440000,100,1669294383,1669329760,100
1669305614,2022,11,24,09,00,14,45.090000,91,42.730000,1022,4.610000,160,1669294383,1669329760,100
1669309223,2022,11,24,10,00,23,46.690000,91,46.690000,1019,1.010000,270,1669294383,1669329760,100
1669312815,2022,11,24,11,00,15,47.620000,90,45.190000,1018,5.390000,203,1669294383,1669329760,100
1669316414,2022,11,24,12,00,14,49.050000,91,49.050000,1017,1.990000,198,1669294383,1669329760,100
1669320014,2022,11,24,13,00,14,50.270000,90,49.230000,1017,1.010000,112,1669294383,1669329760,100
1669323613,2022,11,24,14,00,13,50.020000,90,48.960000,1018,1.010000,265,1669294383,1669329760,100
1669327211,2022,11,24,15,00,11,49.910000,91,49.910000,1017,1.010000,160,1669294383,1669329760,100
1669330811,2022,11,24,16,00,11,49.330000,92,47.680000,1018,4.610000,200,1669294383,1669329760,100
1669334416,2022,11,24,17,00,16,48.810000,93,47.930000,1018,3.440000,180,1669294383,1669329760,100
1669338015,2022,11,24,18,00,15,48.580000,94,48.580000,1021,0.000000,0,1669294383,1669329760,100
1669341614,2022,11,24,19,00,14,48.650000,94,48.650000,1021,0.000000,0,1669294383,1669329760,100
1669345211,2022,11,24,20,00,11,48.700000,94,47.260000,1021,4.160000,277,1669294383,1669329760,100
1669348809,2022,11,24,21,00,09,48.720000,94,47.120000,1022,4.380000,279,1669294383,1669329760,100
1669352419,2022,11,24,22,00,19,48.900000,95,45.910000,1022,6.910000,310,1669294383,1669329760,100
1669356011,2022,11,24,23,00,11,48.720000,95,46.980000,1022,4.610000,300,1669380846,1669416134,100
1669359611,2022,11,25,00,00,11,48.790000,95,48.790000,1022,1.010000,225,1669380846,1669416134,100
1669363225,2022,11,25,01,00,25,48.540000,95,46.080000,1022,5.750000,300,1669380846,1669416134,100
1669366815,2022,11,25,02,00,15,48.160000,95,43.650000,1022,10.360000,320,1669380846,1669416134,100
1669370412,2022,11,25,03,00,12,47.610000,94,42.210000,1023,12.660000,340,1669380846,1669416134,100
1669374012,2022,11,25,04,00,12,45.930000,94,41.310000,1023,9.220000,350,1669380846,1669416134,100
1669377618,2022,11,25,05,00,18,43.500000,94,40.080000,1024,5.750000,350,1669380846,1669416134,40
1669381215,2022,11,25,06,00,15,41.090000,92,34.840000,1025,10.360000,360,1669380846,1669416134,100
1669384814,2022,11,25,07,00,14,39.630000,92,34.110000,1026,8.050000,340,1669380846,1669416134,100
1669388413,2022,11,25,08,00,13,40.170000,93,35.400000,1026,6.910000,350,1669380846,1669416134,100
1669392012,2022,11,25,09,00,12,42.260000,93,42.260000,1028,1.990000,180,1669380846,1669416134,0
1669395632,2022,11,25,10,00,32,44.870000,86,41.700000,1027,5.750000,330,1669380846,1669416134,40
1669399210,2022,11,25,11,00,10,48.330000,74,48.330000,1026,1.010000,309,1669380846,1669416134,0
1669402814,2022,11,25,12,00,14,50.070000,74,48.250000,1025,1.990000,248,1669380846,1669416134,0
1669406410,2022,11,25,13,00,10,51.480000,67,49.480000,1026,1.990000,180,1669380846,1669416134,0
1669410018,2022,11,25,14,00,18,51.870000,63,49.710000,1025,1.990000,180,1669380846,1669416134,0
1669413613,2022,11,25,15,00,13,51.190000,63,48.970000,1024,1.990000,202,1669380846,1669416134,0
1669417212,2022,11,25,16,00,12,47.590000,67,47.590000,1025,2.460000,352,1669380846,1669416134,0
1669420812,2022,11,25,17,00,12,43.880000,73,43.880000,1025,2.820000,338,1669380846,1669416134,0
1669424411,2022,11,25,18,00,11,41.540000,80,39.870000,1025,3.220000,356,1669380846,1669416134,0
1669428018,2022,11,25,19,00,18,40.410000,82,38.610000,1025,3.200000,33,1669380846,1669416134,0
1669431613,2022,11,25,20,00,13,39.150000,85,39.150000,1025,1.810000,57,1669380846,1669416134,0
1669435210,2022,11,25,21,00,10,38.730000,86,38.730000,1025,1.590000,77,1669380846,1669416134,0
1669438827,2022,11,25,22,00,27,37.690000,84,37.690000,1024,1.740000,139,1669380846,1669416134,0
1669442412,2022,11,25,23,00,12,37.240000,86,35.060000,1025,3.150000,164,1669467308,1669502509,0
1669446011,2022,11,26,00,00,11,35.740000,90,35.740000,1024,2.930000,161,1669467308,1669502509,0
1669449612,2022,11,26,01,00,12,35.150000,89,31.530000,1024,4.180000,169,1669467308,1669502509,0
1669453214,2022,11,26,02,00,14,33.930000,91,30.110000,1024,4.180000,176,1669467308,1669502509,0
1669456809,2022,11,26,03,00,09,32.380000,90,32.380000,1022,0.000000,0,1669467308,1669502509,100
1669460413,2022,11,26,04,00,13,32.430000,94,28.600000,1022,3.980000,178,1669467308,1669502509,0
1669464023,2022,11,26,05,00,23,31.640000,93,27.390000,1022,4.250000,155,1669467308,1669502509,0
1669467615,2022,11,26,06,00,15,31.330000,93,31.330000,1021,0.000000,0,1669467308,1669502509,40
1669471215,2022,11,26,07,00,15,32.740000,90,26.440000,1020,6.910000,110,1669467308,1669502509,100
1669474825,2022,11,26,08,00,25,34.630000,93,29.550000,1020,5.750000,100,1669467308,1669502509,75
1669478431,2022,11,26,09,00,31,41.970000,93,41.970000,1018,0.000000,0,1669467308,1669502509,20
1669482030,2022,11,26,10,00,30,47.140000,79,47.140000,1016,1.990000,201,1669467308,1669502509,42
1669485620,2022,11,26,11,00,20,48.700000,78,48.700000,1018,1.990000,158,1669467308,1669502509,52
1669489210,2022,11,26,12,00,10,49.530000,79,49.530000,1016,1.990000,180,1669467308,1669502509,100
1669492810,2022,11,26,13,00,10,49.550000,81,49.550000,1015,1.990000,158,1669467308,1669502509,100
1669496410,2022,11,26,14,00,10,48.810000,81,48.810000,1014,1.990000,180,1669467308,1669502509,100
1669500018,2022,11,26,15,00,18,46.890000,84,46.890000,1013,1.990000,180,1669467308,1669502509,100
1669503615,2022,11,26,16,00,15,45.820000,86,45.820000,1012,1.990000,158,1669467308,1669502509,100
1669507222,2022,11,26,17,00,22,45.540000,88,45.540000,1011,1.990000,158,1669467308,1669502509,100
1669510813,2022,11,26,18,00,13,45.630000,88,45.630000,1009,1.010000,180,1669467308,1669502509,100
1669514414,2022,11,26,19,00,14,45.860000,87,45.860000,1008,1.990000,158,1669467308,1669502509,100
1669518009,2022,11,26,20,00,09,45.880000,88,45.880000,1006,1.990000,126,1669467308,1669502509,100
1669521616,2022,11,26,21,00,16,44.800000,93,40.960000,1004,6.910000,80,1669467308,1669502509,100
1669525215,2022,11,26,22,00,15,44.940000,94,39.240000,1001,11.500000,80,1669467308,1669502509,100
1669528811,2022,11,26,23,00,11,45.480000,96,40.750000,1000,9.220000,100,1669553770,1669588886,100
1669532415,2022,11,27,00,00,15,46.170000,95,43.250000,998,5.750000,70,1669553770,1669588886,100
1669536012,2022,11,27,01,00,12,46.980000,95,44.200000,996,5.750000,70,1669553770,1669588886,100
1669539612,2022,11,27,02,00,12,47.260000,95,46.170000,995,3.440000,290,1669553770,1669588886,100
1669543212,2022,11,27,03,00,12,47.730000,95,45.100000,994,5.750000,290,1669553770,1669588886,100
1669546817,2022,11,27,04,00,17,47.370000,95,44.060000,995,6.910000,310,1669553770,1669588886,100
1669550441,2022,11,27,05,00,41,46.580000,95,43.110000,995,6.910000,240,1669553770,1669588886,100
1669554016,2022,11,27,06,00,16,45.900000,96,41.250000,996,9.220000,250,1669553770,1669588886,100
1669557616,2022,11,27,07,00,16,45.320000,95,40.550000,997,9.220000,300,1669553770,1669588886,100
1669561218,2022,11,27,08,00,18,45.230000,95,39.220000,998,12.660000,280,1669553770,1669588886,100
1669564813,2022,11,27,09,00,13,44.830000,94,37.740000,1000,16.110000,310,1669553770,1669588886,100
1669568460,2022,11,27,10,01,00,44.240000,93,43.160000,1002,3.000000,309,1669553770,1669588886,100
1669572020,2022,11,27,11,00,20,44.440000,91,36.160000,1003,20.710000,300,1669553770,1669588886,100
1669575620,2022,11,27,12,00,20,46.330000,91,39.670000,1004,16.110000,310,1669553770,1669588886,100
1669579218,2022,11,27,13,00,18,48.630000,85,42.910000,1005,14.970000,320,1669553770,1669588886,75
1669582811,2022,11,27,14,00,11,49.260000,76,47.340000,1006,5.010000,324,1669553770,1669588886,85
1669586416,2022,11,27,15,00,16,48.920000,76,48.920000,1007,1.010000,239,1669553770,1669588886,85
1669590012,2022,11,27,16,00,12,47.660000,79,43.020000,1008,10.360000,300,1669553770,1669588886,75
1669593620,2022,11,27,17,00,20,46.710000,81,42.240000,1009,9.220000,290,1669553770,1669588886,100
1669597211,2022,11,27,18,00,11,46.000000,84,40.570000,1010,11.500000,300,1669553770,1669588886,100
1669600810,2022,11,27,19,00,10,45.100000,86,44.150000,1011,3.000000,270,1669553770,1669588886,100
1669604410,2022,11,27,20,00,10,44.440000,85,44.440000,1011,1.010000,291,1669553770,1669588886,100
1669608010,2022,11,27,21,00,10,44.170000,85,44.170000,1012,1.010000,326,1669553770,1669588886,97
1669611616,2022,11,27,22,00,16,43.930000,87,43.930000,1013,1.010000,180,1669553770,1669588886,98
1669615219,2022,11,27,23,00,19,43.650000,85,41.560000,1012,3.960000,292,1669640231,1669675266,98
1669618813,2022,11,28,00,00,13,43.290000,86,41.250000,1012,3.850000,286,1669640231,1669675266,54
1669622414,2022,11,28,01,00,14,42.980000,86,41.380000,1012,3.330000,266,1669640231,1669675266,73
1669626012,2022,11,28,02,00,12,42.710000,85,42.710000,1012,2.980000,241,1669640231,1669675266,81
1669629613,2022,11,28,03,00,13,42.660000,87,40.660000,1012,3.690000,233,1669640231,1669675266,42
1669633221,2022,11,28,04,00,21,42.210000,87,40.500000,1013,3.330000,237,1669640231,1669675266,41
1669636827,2022,11,28,05,00,27,42.240000,87,40.460000,1013,3.420000,246,1669640231,1669675266,36
1669640437,2022,11,28,06,00,37,42.010000,88,40.460000,1014,3.150000,239,1669640231,1669675266,10
1669644043,2022,11,28,07,00,43,42.530000,88,40.410000,1014,3.830000,228,1669640231,1669675266,8
1669647621,2022,11,28,08,00,21,43.680000,86,43.680000,1015,1.010000,282,1669640231,1669675266,8
1669651231,2022,11,28,09,00,31,44.850000,79,43.410000,1016,3.440000,0,1669640231,1669675266,100
1669654838,2022,11,28,10,00,38,46.180000,76,46.180000,1015,1.990000,270,1669640231,1669675266,5
1669658411,2022,11,28,11,00,11,46.990000,73,46.990000,1013,1.990000,193,1669640231,1669675266,4
1669662032,2022,11,28,12,00,32,49.050000,71,45.140000,1014,9.220000,210,1669640231,1669675266,75
1669665610,2022,11,28,13,00,10,49.710000,71,49.710000,1013,1.990000,166,1669640231,1669675266,1
1669669215,2022,11,28,14,00,15,49.640000,72,49.640000,1013,1.990000,270,1669640231,1669675266,0
1669672815,2022,11,28,15,00,15,48.430000,75,48.430000,1013,1.010000,158,1669640231,1669675266,0
1669676420,2022,11,28,16,00,20,46.150000,79,46.150000,1013,1.990000,153,1669640231,1669675266,2
1669680268,2022,11,28,17,04,28,44.150000,82,39.110000,1013,9.220000,150,1669640231,1669675266,0
1669683610,2022,11,28,18,00,10,43.030000,85,43.030000,1013,1.010000,158,1669640231,1669675266,57
1669687339,2022,11,28,19,02,19,42.210000,87,36.720000,1013,9.220000,140,1669640231,1669675266,40
1669692243,2022,11,28,20,24,03,42.080000,87,35.240000,1012,12.660000,130,1669640231,1669675266,0
1669696104,2022,11,28,21,28,24,41.990000,88,35.960000,1012,10.360000,160,1669640231,1669675266,0
1669698268,2022,11,28,22,04,28,41.880000,90,35.830000,1011,10.360000,140,1669640231,1669675266,0
1669701611,2022,11,28,23,00,11,41.720000,91,41.720000,1012,1.010000,80,1669726692,1669761647,88
1669705338,2022,11,29,00,02,18,41.610000,91,34.650000,1010,12.660000,130,1669726692,1669761647,75
1669708821,2022,11,29,01,00,21,41.470000,92,41.470000,1009,1.990000,156,1669726692,1669761647,100
1669712420,2022,11,29,02,00,20,41.680000,93,41.680000,1009,1.010000,153,1669726692,1669761647,100
1669716017,2022,11,29,03,00,17,42.260000,93,42.260000,1009,1.010000,126,1669726692,1669761647,100
1669719621,2022,11,29,04,00,21,43.410000,94,43.410000,1009,1.990000,108,1669726692,1669761647,100
1669723224,2022,11,29,05,00,24,45.190000,93,45.190000,1008,1.990000,180,1669726692,1669761647,100
1669726821,2022,11,29,06,00,21,46.560000,92,46.560000,1007,1.990000,112,1669726692,1669761647,100
1669730425,2022,11,29,07,00,25,48.430000,89,47.070000,1007,4.000000,97,1669726692,1669761647,100
1669734016,2022,11,29,08,00,16,50.560000,87,49.410000,1006,5.010000,193,1669726692,1669761647,100
1669737614,2022,11,29,09,00,14,54.410000,84,53.490000,1005,4.000000,123,1669726692,1669761647,100
1669741212,2022,11,29,10,00,12,57.850000,80,57.090000,1004,5.010000,338,1669726692,1669761647,100
1669748416,2022,11,29,12,00,16,58.770000,84,58.300000,1002,3.000000,22,1669726692,1669761647,95
1669752012,2022,11,29,13,00,12,59.830000,83,59.410000,1001,14.970000,180,1669726692,1669761647,40
1669755617,2022,11,29,14,00,17,59.900000,84,59.540000,1001,14.970000,170,1669726692,1669761647,75
1669759233,2022,11,29,15,00,33,59.290000,85,58.910000,1001,14.970000,180,1669726692,1669761647,40
1669762813,2022,11,29,16,00,13,58.210000,88,57.870000,1001,3.000000,221,1669726692,1669761647,89
1669766439,2022,11,29,17,00,39,57.740000,89,57.400000,1002,1.990000,227,1669726692,1669761647,84
1669770017,2022,11,29,18,00,17,56.640000,89,56.190000,1003,16.110000,290,1669726692,1669761647,75
1669773625,2022,11,29,19,00,25,48.520000,72,42.490000,1006,16.110000,310,1669726692,1669761647,75
1669777229,2022,11,29,20,00,29,43.110000,77,39.450000,1008,5.990000,180,1669726692,1669761647,81
1669780811,2022,11,29,21,00,11,38.500000,78,27.810000,1010,23.020000,300,1669726692,1669761647,75
1669784424,2022,11,29,22,00,24,35.690000,77,32.340000,1012,4.000000,202,1669726692,1669761647,51
1669788011,2022,11,29,23,00,11,34.720000,73,31.210000,1013,4.000000,307,1669813151,1669848031,44
1669791612,2022,11,30,00,00,12,33.550000,73,28.080000,1015,5.990000,277,1669813151,1669848031,14
1669795211,2022,11,30,01,00,11,31.710000,70,19.110000,1017,25.320000,300,1669813151,1669848031,100
1669798811,2022,11,30,02,00,11,28.830000,70,24.400000,1019,4.000000,274,1669813151,1669848031,42
1669802410,2022,11,30,03,00,10,27.430000,65,24.150000,1020,3.000000,242,1669813151,1669848031,31
1669806012,2022,11,30,04,00,12,26.850000,66,23.500000,1021,3.000000,69,1669813151,1669848031,25
1669809617,2022,11,30,05,00,17,26.260000,66,22.820000,1022,3.000000,292,1669813151,1669848031,21
1669813225,2022,11,30,06,00,25,25.860000,70,25.860000,1023,1.990000,340,1669813151,1669848031,0
1669816815,2022,11,30,07,00,15,26.470000,67,21.690000,1024,4.000000,300,1669813151,1669848031,0
1669820415,2022,11,30,08,00,15,28.380000,64,22.820000,1025,5.010000,279,1669813151,1669848031,0
1669824016,2022,11,30,09,00,16,30.400000,60,25.180000,1026,5.010000,120,1669813151,1669848031,0
1669827627,2022,11,30,10,00,27,32.860000,56,29.070000,1027,4.000000,248,1669813151,1669848031,0
1669831214,2022,11,30,11,00,14,34.770000,53,29.530000,1027,5.990000,248,1669813151,1669848031,0
1669834837,2022,11,30,12,00,37,36.610000,43,33.400000,1027,4.000000,275,1669813151,1669848031,0
1669838413,2022,11,30,13,00,13,38.050000,45,35.060000,1028,4.000000,292,1669813151,1669848031,0
1669842009,2022,11,30,14,00,09,38.100000,43,35.110000,1027,4.000000,270,1669813151,1669848031,0
1669845637,2022,11,30,15,00,37,37.350000,44,34.250000,1028,4.000000,315,1669813151,1669848031,0
1669849210,2022,11,30,16,00,10,35.100000,48,35.100000,1029,1.990000,292,1669813151,1669848031,0
1669852835,2022,11,30,17,00,35,33.440000,51,33.440000,1029,1.990000,202,1669813151,1669848031,0
1669856426,2022,11,30,18,00,26,32.320000,53,32.320000,1030,1.990000,137,1669813151,1669848031,0
1669860036,2022,11,30,19,00,36,30.690000,57,30.690000,1030,1.990000,225,1669813151,1669848031,0
1669863625,2022,11,30,20,00,25,29.230000,60,29.230000,1031,1.010000,309,1669813151,1669848031,0
1669867222,2022,11,30,21,00,22,28.560000,62,21.450000,1031,6.870000,295,1669813151,1669848031,0
1669870813,2022,11,30,22,00,13,27.480000,64,27.480000,1032,1.010000,248,1669813151,1669848031,1
1669874426,2022,11,30,23,00,26,26.600000,65,26.600000,1033,1.010000,225,1669899610,1669934417,2
1669878012,2022,12,01,00,00,12,25.410000,68,19.310000,1034,5.030000,306,1669899610,1669934417,6
1669881630,2022,12,01,01,00,30,24.460000,73,18.700000,1034,4.560000,305,1669899610,1669934417,17
1669885209,2022,12,01,02,00,09,24.060000,75,19.170000,1034,3.800000,308,1669899610,1669934417,35
1669888816,2022,12,01,03,00,16,23.410000,77,23.410000,1034,2.710000,295,1669899610,1669934417,29
1669892432,2022,12,01,04,00,32,23.250000,77,23.250000,1034,1.810000,313,1669899610,1669934417,34
1669896020,2022,12,01,05,00,20,23.560000,78,23.560000,1034,1.190000,55,1669899610,1669934417,45
1669899622,2022,12,01,06,00,22,23.860000,82,18.700000,1034,3.980000,117,1669899610,1669934417,100
1669903223,2022,12,01,07,00,23,25.390000,81,18.320000,1034,6.040000,132,1669899610,1669934417,100
1669906833,2022,12,01,08,00,33,28.940000,69,28.940000,1034,1.990000,142,1669899610,1669934417,100
1669910420,2022,12,01,09,00,20,32.270000,57,32.270000,1033,1.990000,141,1669899610,1669934417,100
1669914010,2022,12,01,10,00,10,34.660000,56,31.150000,1035,4.000000,103,1669899610,1669934417,100
1669917609,2022,12,01,11,00,09,37.020000,54,32.970000,1033,5.010000,134,1669899610,1669934417,100
1669921212,2022,12,01,12,00,12,39.200000,47,39.200000,1030,1.990000,131,1669899610,1669934417,100
1669924819,2022,12,01,13,00,19,41.310000,49,39.850000,1031,3.000000,178,1669899610,1669934417,56
1669928411,2022,12,01,14,00,11,41.680000,48,38.440000,1029,5.010000,128,1669899610,1669934417,39
1669932043,2022,12,01,15,00,43,40.480000,50,37.020000,1028,5.010000,124,1669899610,1669934417,29
1669935610,2022,12,01,16,00,10,39.380000,53,37.670000,1027,3.000000,132,1669899610,1669934417,24
1669939238,2022,12,01,17,00,38,39.670000,53,37.990000,1026,3.000000,45,1669899610,1669934417,20
1669942838,2022,12,01,18,00,38,39.180000,50,37.440000,1025,3.000000,121,1669899610,1669934417,0
1669946413,2022,12,01,19,00,13,38.840000,51,37.060000,1024,3.000000,142,1669899610,1669934417,0
1669950010,2022,12,01,20,00,10,38.640000,52,38.640000,1021,1.990000,140,1669899610,1669934417,0
1669953633,2022,12,01,21,00,33,38.770000,52,38.770000,1021,1.990000,154,1669899610,1669934417,0
1669957234,2022,12,01,22,00,34,39.250000,52,39.250000,1021,1.990000,120,1669899610,1669934417,0
1669960816,2022,12,01,23,00,16,39.870000,57,39.870000,1023,1.990000,168,1669986067,1670020804,6
1669964432,2022,12,02,00,00,32,40.440000,56,40.440000,1022,1.990000,146,1669986067,1670020804,75
1669968016,2022,12,02,01,00,16,41.400000,51,39.960000,1020,3.000000,131,1669986067,1670020804,75
1669971610,2022,12,02,02,00,10,42.100000,53,40.750000,1020,3.000000,38,1669986067,1670020804,83
1669975212,2022,12,02,03,00,12,43.140000,51,41.920000,1019,3.000000,309,1669986067,1670020804,87
1669978815,2022,12,02,04,00,15,44.150000,50,44.150000,1019,1.990000,202,1669986067,1670020804,90
1669982412,2022,12,02,05,00,12,44.820000,51,44.820000,1019,1.990000,292,1669986067,1670020804,91
1669986037,2022,12,02,06,00,37,45.500000,50,45.500000,1018,1.990000,135,1669986067,1670020804,100
1669989642,2022,12,02,07,00,42,46.420000,52,45.630000,1017,3.000000,112,1669986067,1670020804,100
1669993240,2022,12,02,08,00,40,48.760000,53,46.760000,1016,5.010000,232,1669986067,1670020804,91
1669996817,2022,12,02,09,00,17,51.190000,51,48.400000,1016,4.000000,270,1669986067,1670020804,82
1670000463,2022,12,02,10,01,03,53.980000,51,51.480000,1015,16.110000,190,1669986067,1670020804,100
1670004157,2022,12,02,11,02,37,55.110000,56,52.950000,1013,19.570000,180,1669986067,1670020804,100
1670007615,2022,12,02,12,00,15,54.950000,58,52.880000,1013,13.800000,190,1669986067,1670020804,100
1670011245,2022,12,02,13,00,45,54.880000,64,53.080000,1011,4.000000,338,1669986067,1670020804,100
1670014844,2022,12,02,14,00,44,54.630000,67,52.930000,1011,11.500000,180,1669986067,1670020804,100
1670018419,2022,12,02,15,00,19,52.630000,75,51.120000,1010,7.000000,134,1669986067,1670020804,95
1670022013,2022,12,02,16,00,13,50.920000,80,49.480000,1010,5.010000,22,1669986067,1670020804,83
1670025615,2022,12,02,17,00,15,50.130000,87,48.920000,1011,10.360000,180,1669986067,1670020804,100
1670029219,2022,12,02,18,00,19,50.700000,89,49.660000,1012,10.360000,180,1669986067,1670020804,100
1670032822,2022,12,02,19,00,22,51.310000,92,50.470000,1013,1.990000,45,1669986067,1670020804,100
1670036411,2022,12,02,20,00,11,52.660000,89,51.820000,1012,3.000000,221,1669986067,1670020804,100
1670040010,2022,12,02,21,00,10,53.620000,87,52.770000,1013,8.050000,200,1669986067,1670020804,100
1670043612,2022,12,02,22,00,12,54.160000,88,53.400000,1014,11.500000,210,1669986067,1670020804,40
1670047211,2022,12,02,23,00,11,55.270000,88,54.640000,1014,1.990000,194,1670072524,1670107194,99
1670050820,2022,12,03,00,00,20,56.950000,86,56.390000,1016,16.110000,240,1670072524,1670107194,100
1670054413,2022,12,03,01,00,13,56.800000,80,55.940000,1017,18.410000,260,1670072524,1670107194,100
1670058012,2022,12,03,02,00,12,42.330000,71,33.960000,1021,18.190000,310,1670072524,1670107194,84
1670061610,2022,12,03,03,00,10,37.780000,74,33.120000,1024,5.990000,346,1670072524,1670107194,67
1670065210,2022,12,03,04,00,10,34.390000,73,29.880000,1026,5.010000,338,1670072524,1670107194,55
1670068835,2022,12,03,05,00,35,31.750000,73,27.790000,1028,4.000000,180,1670072524,1670107194,46
1670072412,2022,12,03,06,00,12,29.610000,72,24.260000,1030,5.010000,315,1670072524,1670107194,0
1670076014,2022,12,03,07,00,14,29.030000,70,25.950000,1031,3.000000,202,1670072524,1670107194,0
1670079643,2022,12,03,08,00,43,29.710000,67,25.430000,1033,4.000000,225,1670072524,1670107194,0
1670083214,2022,12,03,09,00,14,30.560000,65,26.400000,1034,4.000000,312,1670072524,1670107194,1
1670086818,2022,12,03,10,00,18,32.050000,61,28.130000,1034,4.000000,225,1670072524,1670107194,3
1670090417,2022,12,03,11,00,17,33.710000,59,30.060000,1034,4.000000,270,1670072524,1670107194,12
1670094022,2022,12,03,12,00,22,35.310000,55,33.060000,1034,3.000000,248,1670072524,1670107194,83
1670097614,2022,12,03,13,00,14,35.910000,53,33.750000,1034,3.000000,334,1670072524,1670107194,92
1670101220,2022,12,03,14,00,20,35.650000,53,35.650000,1033,1.990000,270,1670072524,1670107194,94
1670104815,2022,12,03,15,00,15,35.190000,52,35.190000,1033,1.990000,277,1670072524,1670107194,96
1670108425,2022,12,03,16,00,25,33.480000,55,33.480000,1034,1.010000,225,1670072524,1670107194,95
1670112038,2022,12,03,17,00,38,31.420000,59,27.430000,1034,3.980000,320,1670072524,1670107194,96
1670115623,2022,12,03,18,00,23,30.330000,61,26.580000,1033,3.620000,322,1670072524,1670107194,100
1670119213,2022,12,03,19,00,13,29.340000,64,25.740000,1033,3.400000,329,1670072524,1670107194,100
1670122810,2022,12,03,20,00,10,28.990000,66,25.410000,1033,3.360000,337,1670072524,1670107194,100
1670126425,2022,12,03,21,00,25,29.070000,66,25.810000,1033,3.130000,1,1670072524,1670107194,100
1670130013,2022,12,03,22,00,13,28.890000,66,28.890000,1032,2.590000,35,1670072524,1670107194,100
1670133613,2022,12,03,23,00,13,27.970000,68,27.970000,1032,1.520000,82,1670158980,1670193586,100
1670137224,2022,12,04,00,00,24,26.600000,69,26.600000,1031,2.390000,161,1670158980,1670193586,100
1670140811,2022,12,04,01,00,11,27.050000,75,23.680000,1030,3.020000,141,1670158980,1670193586,100
1670144413,2022,12,04,02,00,13,28.060000,72,23.790000,1030,3.780000,154,1670158980,1670193586,100
1670148016,2022,12,04,03,00,16,28.510000,71,23.770000,1029,4.230000,173,1670158980,1670193586,100
1670151610,2022,12,04,04,00,10,28.600000,70,23.830000,1028,4.270000,189,1670158980,1670193586,100
1670155215,2022,12,04,05,00,15,28.090000,71,23.720000,1029,3.870000,197,1670158980,1670193586,100
1670158823,2022,12,04,06,00,23,27.300000,72,22.570000,1029,4.070000,196,1670158980,1670193586,100
1670162427,2022,12,04,07,00,27,27.190000,75,23.000000,1029,3.620000,192,1670158980,1670193586,100
1670166019,2022,12,04,08,00,19,30.520000,68,30.520000,1028,1.010000,0,1670158980,1670193586,100
1670169613,2022,12,04,09,00,13,33.120000,61,33.120000,1029,1.010000,338,1670158980,1670193586,100
1670173226,2022,12,04,10,00,26,35.760000,56,35.760000,1027,1.010000,315,1670158980,1670193586,100
1670176812,2022,12,04,11,00,12,37.780000,54,35.850000,1025,3.000000,248,1670158980,1670193586,100
1670180413,2022,12,04,12,00,13,39.450000,53,39.450000,1024,1.990000,187,1670158980,1670193586,100
1670184010,2022,12,04,13,00,10,41.130000,51,41.130000,1023,1.990000,257,1670158980,1670193586,100
1670187609,2022,12,04,14,00,09,41.130000,53,41.130000,1022,1.010000,200,1670158980,1670193586,100
1670191219,2022,12,04,15,00,19,39.960000,55,39.960000,1021,1.010000,76,1670158980,1670193586,100
1670194812,2022,12,04,16,00,12,37.200000,60,33.780000,1021,4.320000,168,1670158980,1670193586,100
1670198424,2022,12,04,17,00,24,35.400000,65,35.400000,1022,1.010000,158,1670158980,1670193586,100
1670202009,2022,12,04,18,00,09,35.170000,66,30.160000,1021,5.790000,161,1670158980,1670193586,100
1670205611,2022,12,04,19,00,11,34.520000,66,29.210000,1021,6.040000,170,1670158980,1670193586,100
1670209230,2022,12,04,20,00,30,33.570000,69,33.570000,1020,1.010000,0,1670158980,1670193586,100
1670216417,2022,12,04,22,00,17,32.940000,72,27.120000,1017,6.310000,174,1670158980,1670193586,100
1670220014,2022,12,04,23,00,14,32.970000,73,27.190000,1017,6.260000,183,1670245434,1670279980,100
1670223614,2022,12,05,00,00,14,34.590000,71,34.590000,1017,1.010000,161,1670245434,1670279980,100
1670227240,2022,12,05,01,00,40,35.710000,69,31.780000,1016,4.610000,170,1670245434,1670279980,100
1670230810,2022,12,05,02,00,10,36.370000,69,36.370000,1016,1.010000,119,1670245434,1670279980,100
1670234431,2022,12,05,03,00,31,37.130000,70,37.130000,1015,1.010000,0,1670245434,1670279980,100
1670238019,2022,12,05,04,00,19,37.490000,69,33.350000,1014,5.210000,162,1670245434,1670279980,100
1670241634,2022,12,05,05,00,34,37.850000,69,37.850000,1014,1.010000,129,1670245434,1670279980,100
1670245228,2022,12,05,06,00,28,38.250000,70,38.250000,1014,1.010000,119,1670245434,1670279980,100
1670248845,2022,12,05,07,00,45,39.180000,71,39.180000,1014,1.010000,178,1670245434,1670279980,100
1670252424,2022,12,05,08,00,24,40.770000,70,40.770000,1013,1.010000,225,1670245434,1670279980,100
1670256015,2022,12,05,09,00,15,42.420000,69,39.610000,1013,4.610000,160,1670245434,1670279980,100
1670259614,2022,12,05,10,00,14,44.060000,70,44.060000,1013,1.010000,158,1670245434,1670279980,100
1670263211,2022,12,05,11,00,11,45.010000,72,42.640000,1013,4.610000,160,1670245434,1670279980,100
1670266945,2022,12,05,12,02,25,46.720000,69,42.750000,1011,8.050000,140,1670245434,1670279980,75
1670270416,2022,12,05,13,00,16,48.720000,67,43.970000,1010,11.500000,120,1670245434,1670279980,75
1670274042,2022,12,05,14,00,42,49.750000,67,49.750000,1010,1.990000,202,1670245434,1670279980,51
1670277637,2022,12,05,15,00,37,48.920000,70,48.450000,1010,3.000000,153,1670245434,1670279980,41
1670281235,2022,12,05,16,00,35,46.780000,75,46.780000,1010,1.010000,111,1670245434,1670279980,50
1670284844,2022,12,05,17,00,44,44.600000,79,41.900000,1010,4.970000,159,1670245434,1670279980,58
1670288434,2022,12,05,18,00,34,42.800000,85,42.800000,1011,1.010000,119,1670245434,1670279980,67
1670292050,2022,12,05,19,00,50,41.230000,88,38.770000,1012,3.980000,179,1670245434,1670279980,79
1670295623,2022,12,05,20,00,23,40.660000,89,38.910000,1012,3.180000,180,1670245434,1670279980,86
1670299223,2022,12,05,21,00,23,40.960000,86,40.960000,1011,2.770000,210,1670245434,1670279980,89
1670302813,2022,12,05,22,00,13,41.050000,91,41.050000,1012,1.700000,221,1670245434,1670279980,91
1670306435,2022,12,05,23,00,35,40.530000,94,37.400000,1013,4.610000,70,1670331888,1670366376,100
1670310043,2022,12,06,00,00,43,40.460000,94,37.330000,1012,4.610000,60,1670331888,1670366376,100
1670313628,2022,12,06,01,00,28,40.260000,94,38.170000,1012,3.440000,70,1670331888,1670366376,75
1670317211,2022,12,06,02,00,11,40.280000,94,38.190000,1013,3.440000,70,1670331888,1670366376,75
1670320841,2022,12,06,03,00,41,40.530000,94,38.480000,1013,3.440000,70,1670331888,1670366376,100
1670324418,2022,12,06,04,00,18,40.820000,94,40.820000,1013,0.000000,0,1670331888,1670366376,100
1670328025,2022,12,06,05,00,25,40.980000,94,37.940000,1013,4.610000,50,1670331888,1670366376,100
1670331640,2022,12,06,06,00,40,40.860000,95,36.950000,1014,5.750000,110,1670331888,1670366376,100
1670335231,2022,12,06,07,00,31,41.040000,95,37.990000,1014,4.610000,110,1670331888,1670366376,100
1670338826,2022,12,06,08,00,26,41.740000,95,39.850000,1014,3.440000,100,1670331888,1670366376,100
1670342415,2022,12,06,09,00,15,42.980000,95,40.260000,1015,4.610000,100,1670331888,1670366376,100
1670346015,2022,12,06,10,00,15,43.880000,95,43.880000,1015,0.000000,0,1670331888,1670366376,100
1670349616,2022,12,06,11,00,16,44.640000,95,44.640000,1015,1.010000,0,1670331888,1670366376,100
1670353211,2022,12,06,12,00,11,45.190000,95,42.850000,1014,4.610000,70,1670331888,1670366376,100
1670356814,2022,12,06,13,00,14,45.720000,95,42.710000,1014,5.750000,80,1670331888,1670366376,100
1670360413,2022,12,06,14,00,13,46.290000,95,44.130000,1014,4.610000,70,1670331888,1670366376,100
1670364015,2022,12,06,15,00,15,46.170000,95,43.250000,1014,5.750000,50,1670331888,1670366376,100
1670367610,2022,12,06,16,00,10,45.910000,96,44.620000,1015,3.440000,70,1670331888,1670366376,100
1670371239,2022,12,06,17,00,39,46.090000,96,44.830000,1015,3.440000,40,1670331888,1670366376,100
1670374827,2022,12,06,18,00,27,46.040000,96,43.110000,1016,5.750000,100,1670331888,1670366376,100
1670378437,2022,12,06,19,00,37,46.040000,96,46.040000,1016,0.000000,0,1670331888,1670366376,100
1670382010,2022,12,06,20,00,10,46.130000,96,44.870000,1017,3.440000,340,1670331888,1670366376,100
1670385611,2022,12,06,21,00,11,46.000000,96,43.790000,1018,4.610000,10,1670331888,1670366376,100
1670389241,2022,12,06,22,00,41,45.840000,96,42.850000,1018,5.750000,50,1670331888,1670366376,100
1670392819,2022,12,06,23,00,19,45.630000,96,44.290000,1018,3.440000,30,1670418340,1670452774,100
1670396413,2022,12,07,00,00,13,45.370000,96,44.010000,1019,3.440000,360,1670418340,1670452774,100
1670400037,2022,12,07,01,00,37,45.230000,96,43.590000,1019,3.740000,328,1670418340,1670452774,100
1670403640,2022,12,07,02,00,40,45.100000,96,43.700000,1020,3.440000,350,1670418340,1670452774,100
1670407250,2022,12,07,03,00,50,45.010000,96,43.590000,1020,3.440000,320,1670418340,1670452774,100
1670410822,2022,12,07,04,00,22,44.960000,96,43.500000,1020,3.490000,341,1670418340,1670452774,100
1670414442,2022,12,07,05,00,42,44.710000,96,43.070000,1021,3.650000,350,1670418340,1670452774,100
1670418036,2022,12,07,06,00,36,44.670000,96,43.210000,1022,3.440000,360,1670418340,1670452774,100
1670421617,2022,12,07,07,00,17,44.730000,96,43.270000,1023,3.440000,20,1670418340,1670452774,100
1670425219,2022,12,07,08,00,19,45.390000,96,45.390000,1024,0.000000,0,1670418340,1670452774,100
1670428834,2022,12,07,09,00,34,46.080000,94,46.080000,1024,0.000000,0,1670418340,1670452774,100
1670432426,2022,12,07,10,00,26,47.530000,93,47.530000,1025,0.000000,0,1670418340,1670452774,100
1670436014,2022,12,07,11,00,14,49.420000,90,49.420000,1026,1.010000,309,1670418340,1670452774,100
1670439642,2022,12,07,12,00,42,51.330000,83,50.070000,1024,1.010000,0,1670418340,1670452774,100
1670443217,2022,12,07,13,00,17,52.450000,79,51.100000,1025,4.610000,360,1670418340,1670452774,40
1670446840,2022,12,07,14,00,40,52.360000,79,51.010000,1026,3.740000,10,1670418340,1670452774,100
1670450446,2022,12,07,15,00,46,51.620000,79,50.200000,1026,4.610000,30,1670418340,1670452774,75
1670454015,2022,12,07,16,00,15,49.240000,85,48.330000,1026,3.580000,27,1670418340,1670452774,100
1670457623,2022,12,07,17,00,23,47.430000,88,45.520000,1026,4.520000,37,1670418340,1670452774,100
1670461209,2022,12,07,18,00,09,46.490000,90,45.100000,1027,3.650000,51,1670418340,1670452774,100
1670464832,2022,12,07,19,00,32,45.640000,91,43.520000,1027,4.410000,57,1670418340,1670452774,100
1670468412,2022,12,07,20,00,12,45.930000,91,44.020000,1028,4.180000,56,1670418340,1670452774,100
1670472033,2022,12,07,21,00,33,45.990000,91,44.200000,1027,4.030000,49,1670418340,1670452774,100
1670475613,2022,12,07,22,00,13,45.640000,90,43.500000,1027,4.430000,71,1670418340,1670452774,100
1670479213,2022,12,07,23,00,13,45.340000,90,45.340000,1027,1.010000,0,1670504791,1670539175,100
1670482835,2022,12,08,00,00,35,44.910000,90,41.900000,1027,5.500000,88,1670504791,1670539175,100
1670486415,2022,12,08,01,00,15,44.080000,91,44.080000,1026,1.990000,180,1670504791,1670539175,100
1670490013,2022,12,08,02,00,13,43.410000,93,43.410000,1026,1.990000,158,1670504791,1670539175,100
1670493612,2022,12,08,03,00,12,42.890000,94,42.890000,1026,1.010000,22,1670504791,1670539175,100
1670497225,2022,12,08,04,00,25,42.840000,95,38.010000,1026,8.050000,10,1670504791,1670539175,100
1670500875,2022,12,08,05,01,15,42.530000,94,37.650000,1024,8.050000,70,1670504791,1670539175,100
1670504439,2022,12,08,06,00,39,42.460000,95,38.840000,1025,5.750000,80,1670504791,1670539175,100
1670508027,2022,12,08,07,00,27,42.350000,95,38.710000,1025,5.750000,50,1670504791,1670539175,100
1670511613,2022,12,08,08,00,13,42.400000,95,36.950000,1023,9.220000,80,1670504791,1670539175,100
1670515222,2022,12,08,09,00,22,42.890000,95,39.250000,1024,5.910000,96,1670504791,1670539175,100
1670518817,2022,12,08,10,00,17,43.410000,95,39.000000,1025,7.470000,92,1670504791,1670539175,100
1670522415,2022,12,08,11,00,15,43.810000,95,39.200000,1024,8.050000,40,1670504791,1670539175,100
1670526017,2022,12,08,12,00,17,44.200000,95,41.290000,1023,5.170000,67,1670504791,1670539175,100
1670529623,2022,12,08,13,00,23,44.460000,95,41.310000,1023,5.610000,76,1670504791,1670539175,100
1670533213,2022,12,08,14,00,13,44.800000,95,44.800000,1023,1.010000,158,1670504791,1670539175,100
1670536816,2022,12,08,15,00,16,44.920000,95,44.920000,1023,1.010000,59,1670504791,1670539175,100
1670540413,2022,12,08,16,00,13,44.940000,95,41.760000,1023,5.820000,93,1670504791,1670539175,100
1670544017,2022,12,08,17,00,17,44.920000,95,44.920000,1023,1.010000,158,1670504791,1670539175,100
1670547615,2022,12,08,18,00,15,44.910000,96,44.910000,1023,1.010000,180,1670504791,1670539175,100
1670551214,2022,12,08,19,00,14,44.960000,96,44.960000,1022,1.010000,123,1670504791,1670539175,100
1670554818,2022,12,08,20,00,18,45.070000,95,39.380000,1022,11.500000,120,1670504791,1670539175,100
1670558412,2022,12,08,21,00,12,45.210000,96,39.970000,1022,10.360000,130,1670504791,1670539175,100
1670562026,2022,12,08,22,00,26,45.300000,96,41.580000,1021,6.910000,110,1670504791,1670539175,100
1670565614,2022,12,08,23,00,14,45.340000,96,41.070000,1021,8.050000,140,1670591240,1670625577,100
1670569233,2022,12,09,00,00,33,45.450000,96,41.200000,1020,8.050000,140,1670591240,1670625577,100
1670572827,2022,12,09,01,00,27,45.720000,96,41.040000,1020,9.220000,150,1670591240,1670625577,100
1670576419,2022,12,09,02,00,19,45.900000,96,41.740000,1019,8.050000,140,1670591240,1670625577,100
1670580014,2022,12,09,03,00,14,46.130000,96,44.870000,1019,3.440000,180,1670591240,1670625577,100
1670583633,2022,12,09,04,00,33,46.540000,97,43.700000,1018,5.750000,150,1670591240,1670625577,100
1670587217,2022,12,09,05,00,17,47.080000,96,44.330000,1019,5.750000,170,1670591240,1670625577,100
1670590827,2022,12,09,06,00,27,47.460000,97,47.460000,1019,0.000000,0,1670591240,1670625577,100
1670594414,2022,12,09,07,00,14,47.750000,96,42.890000,1019,11.030000,257,1670591240,1670625577,84
1670598039,2022,12,09,08,00,39,49.620000,95,47.350000,1019,5.750000,240,1670591240,1670625577,75
1670601642,2022,12,09,09,00,42,50.520000,92,49.600000,1020,8.050000,240,1670591240,1670625577,40
1670605220,2022,12,09,10,00,20,52.110000,84,50.970000,1019,6.910000,260,1670591240,1670625577,75
1670608497,2022,12,09,10,54,57,52.930000,77,51.550000,1019,4.000000,180,1670591241,1670625577,44
1670612415,2022,12,09,12,00,15,52.950000,70,51.240000,1019,4.000000,270,1670591240,1670625577,6
1670616030,2022,12,09,13,00,30,50.790000,72,48.960000,1019,5.010000,250,1670591240,1670625577,17
1670619616,2022,12,09,14,00,16,48.540000,75,42.010000,1020,18.410000,320,1670591240,1670625577,0
1670623212,2022,12,09,15,00,12,44.890000,81,43.900000,1020,3.000000,202,1670591240,1670625577,31
1670626812,2022,12,09,16,00,12,41.850000,82,34.210000,1022,14.970000,310,1670591240,1670625577,75
1670630410,2022,12,09,17,00,10,40.590000,82,40.590000,1022,1.990000,225,1670591240,1670625577,37
1670634014,2022,12,09,18,00,14,40.300000,82,34.920000,1022,8.050000,320,1670591240,1670625577,40
1670637609,2022,12,09,19,00,09,40.260000,83,35.510000,1022,6.910000,310,1670591240,1670625577,75
1670641210,2022,12,09,20,00,10,39.870000,84,39.870000,1023,1.990000,202,1670591240,1670625577,100
1670644810,2022,12,09,21,00,10,39.510000,85,39.510000,1023,1.990000,270,1670591240,1670625577,97
1670648427,2022,12,09,22,00,27,37.760000,87,37.760000,1023,1.010000,25,1670591240,1670625577,97
1670652012,2022,12,09,23,00,12,36.570000,88,33.940000,1023,3.440000,310,1670677689,1670711982,75
1670655635,2022,12,10,00,00,35,35.190000,91,35.190000,1023,2.590000,339,1670677689,1670711982,71
1670659210,2022,12,10,01,00,10,34.860000,91,34.860000,1023,0.000000,0,1670677689,1670711982,75
1670662831,2022,12,10,02,00,31,34.810000,93,34.810000,1023,1.700000,284,1670677689,1670711982,62
1670666441,2022,12,10,03,00,41,35.200000,93,31.190000,1022,4.610000,290,1670677689,1670711982,100
1670670032,2022,12,10,04,00,32,35.650000,94,33.030000,1023,3.330000,283,1670677689,1670711982,72
1670673613,2022,12,10,05,00,13,36.270000,93,36.270000,1023,0.000000,0,1670677689,1670711982,100
1670677225,2022,12,10,06,00,25,36.730000,93,33.190000,1023,4.360000,102,1670677689,1670711982,100
1670680814,2022,12,10,07,00,14,37.180000,93,34.700000,1023,3.400000,139,1670677689,1670711982,100
1670684414,2022,12,10,08,00,14,38.320000,93,38.320000,1022,2.660000,176,1670677689,1670711982,100
1670688036,2022,12,10,09,00,36,39.880000,91,39.880000,1021,1.010000,160,1670677689,1670711982,100
1670691612,2022,12,10,10,00,12,41.220000,88,39.250000,1023,3.440000,160,1670677689,1670711982,100
1670695211,2022,12,10,11,00,11,41.850000,87,41.850000,1021,1.010000,0,1670677689,1670711982,100
1670698810,2022,12,10,12,00,10,42.580000,85,40.820000,1021,3.440000,200,1670677689,1670711982,100
1670702412,2022,12,10,13,00,12,42.940000,87,41.230000,1021,3.440000,200,1670677689,1670711982,100
1670706010,2022,12,10,14,00,10,43.210000,88,41.540000,1021,3.440000,230,1670677689,1670711982,100
1670709609,2022,12,10,15,00,09,43.160000,89,40.480000,1021,4.610000,190,1670677689,1670711982,100
1670713210,2022,12,10,16,00,10,42.940000,90,42.940000,1021,1.010000,295,1670677689,1670711982,100
1670716813,2022,12,10,17,00,13,42.930000,90,42.930000,1022,1.010000,0,1670677689,1670711982,100
1670720433,2022,12,10,18,00,33,42.780000,90,42.780000,1022,1.010000,314,1670677689,1670711982,100
1670724010,2022,12,10,19,00,10,41.410000,91,39.600000,1022,3.330000,292,1670677689,1670711982,100
1670727647,2022,12,10,20,00,47,38.860000,93,38.860000,1022,0.000000,0,1670677689,1670711982,100
1670731211,2022,12,10,21,00,11,37.740000,94,35.290000,1022,3.440000,210,1670677689,1670711982,75
1670734816,2022,12,10,22,00,16,37.650000,94,35.190000,1022,3.440000,280,1670677689,1670711982,100
1670738413,2022,12,10,23,00,13,38.410000,95,38.410000,1023,1.010000,334,1670764136,1670798388,100
1670742012,2022,12,11,00,00,12,39.060000,94,39.060000,1023,1.010000,325,1670764136,1670798388,100
1670745612,2022,12,11,01,00,12,38.770000,92,36.970000,1023,3.000000,332,1670764136,1670798388,92
1670749215,2022,12,11,02,00,15,38.460000,90,38.460000,1023,1.990000,17,1670764136,1670798388,94
1670752818,2022,12,11,03,00,18,37.900000,89,37.900000,1023,1.990000,248,1670764136,1670798388,80
1670756427,2022,12,11,04,00,27,37.540000,88,37.540000,1024,1.010000,265,1670764136,1670798388,64
1670760013,2022,12,11,05,00,13,37.090000,86,32.490000,1024,5.750000,310,1670764136,1670798388,100
1670763614,2022,12,11,06,00,14,36.680000,87,36.680000,1025,1.990000,265,1670764136,1670798388,0
1670767217,2022,12,11,07,00,17,36.550000,86,31.840000,1025,5.750000,330,1670764136,1670798388,100
1670770828,2022,12,11,08,00,28,36.630000,86,34.020000,1026,3.440000,10,1670764136,1670798388,100
1670774414,2022,12,11,09,00,14,37.060000,85,30.970000,1027,8.050000,50,1670764136,1670798388,100
1670778011,2022,12,11,10,00,11,37.650000,85,37.650000,1027,1.010000,158,1670764136,1670798388,100
1670781615,2022,12,11,11,00,15,40.550000,84,40.550000,1024,1.990000,225,1670764136,1670798388,0
1670785227,2022,12,11,12,00,27,40.440000,83,36.450000,1025,5.750000,10,1670764136,1670798388,100
1670788811,2022,12,11,13,00,11,41.110000,84,41.110000,1023,1.010000,180,1670764136,1670798388,1
1670792418,2022,12,11,14,00,18,41.220000,83,41.220000,1023,1.010000,202,1670764136,1670798388,1
1670796010,2022,12,11,15,00,10,39.380000,84,39.380000,1023,1.990000,7,1670764136,1670798388,0
1670799610,2022,12,11,16,00,10,37.710000,82,35.220000,1024,3.470000,35,1670764136,1670798388,0
1670803211,2022,12,11,17,00,11,37.130000,84,37.130000,1023,1.010000,137,1670764136,1670798388,0
1670806821,2022,12,11,18,00,21,36.930000,85,36.930000,1024,1.010000,158,1670764136,1670798388,0
1670810410,2022,12,11,19,00,10,36.880000,85,36.880000,1024,1.010000,304,1670764136,1670798388,0
1670814012,2022,12,11,20,00,12,36.590000,84,31.080000,1024,6.910000,70,1670764136,1670798388,100
1670817610,2022,12,11,21,00,10,36.030000,85,36.030000,1024,1.010000,0,1670764136,1670798388,1
1670821215,2022,12,11,22,00,15,35.870000,86,32.130000,1024,4.430000,98,1670764136,1670798388,1
1670828413,2022,12,12,00,00,13,35.560000,85,32.140000,1024,4.050000,94,1670850581,1670884797,0
1670832014,2022,12,12,01,00,14,35.310000,86,35.310000,1024,1.010000,78,1670850581,1670884797,0
1670835613,2022,12,12,02,00,13,35.200000,86,31.420000,1024,4.360000,99,1670850581,1670884797,0
1670839216,2022,12,12,03,00,16,35.350000,86,35.350000,1024,1.990000,277,1670850581,1670884797,6
1670842828,2022,12,12,04,00,28,35.200000,86,31.620000,1026,4.160000,80,1670850581,1670884797,7
1670846421,2022,12,12,05,00,21,35.240000,86,35.240000,1024,1.010000,67,1670850581,1670884797,6
1670850016,2022,12,12,06,00,16,35.020000,85,31.060000,1026,4.520000,93,1670850581,1670884797,4
1670853615,2022,12,12,07,00,15,35.620000,87,35.620000,1024,1.010000,111,1670850581,1670884797,4
1670857233,2022,12,12,08,00,33,36.340000,83,30.090000,1025,8.050000,120,1670850581,1670884797,100
1670860832,2022,12,12,09,00,32,37.310000,83,37.310000,1026,1.990000,135,1670850581,1670884797,6
1670864417,2022,12,12,10,00,17,38.140000,80,38.140000,1026,1.990000,115,1670850581,1670884797,7
1670868017,2022,12,12,11,00,17,39.000000,79,34.210000,1025,6.530000,118,1670850581,1670884797,7
1670871615,2022,12,12,12,00,15,40.600000,78,40.600000,1023,1.990000,180,1670850581,1670884797,12
1670875236,2022,12,12,13,00,36,40.930000,79,40.930000,1022,1.990000,180,1670850581,1670884797,63
1670878836,2022,12,12,14,00,36,41.290000,75,41.290000,1022,1.010000,109,1670850581,1670884797,73
1670882437,2022,12,12,15,00,37,40.910000,77,34.630000,1022,10.360000,100,1670850581,1670884797,40
1670886027,2022,12,12,16,00,27,38.620000,82,33.640000,1022,6.730000,108,1670850581,1670884797,76
1670889613,2022,12,12,17,00,13,36.720000,87,31.370000,1023,6.690000,109,1670850581,1670884797,75
1670893225,2022,12,12,18,00,25,36.610000,88,36.610000,1023,1.010000,180,1670850581,1670884797,25
1670896816,2022,12,12,19,00,16,36.790000,88,36.790000,1022,1.010000,158,1670850581,1670884797,26
1670900412,2022,12,12,20,00,12,36.550000,88,36.550000,1020,1.010000,158,1670850581,1670884797,48
1670904010,2022,12,12,21,00,10,36.460000,88,31.420000,1020,6.170000,116,1670850581,1670884797,51
1670907615,2022,12,12,22,00,15,36.320000,88,36.320000,1021,1.010000,180,1670850581,1670884797,59
1670911212,2022,12,12,23,00,12,36.700000,89,36.700000,1019,1.990000,158,1670937025,1670971208,66
1670914829,2022,12,13,00,00,29,36.680000,88,36.680000,1019,1.010000,162,1670937025,1670971208,100
1670918415,2022,12,13,01,00,15,36.750000,88,36.750000,1019,1.990000,158,1670937025,1670971208,100
1670922028,2022,12,13,02,00,28,36.190000,88,36.190000,1019,1.010000,180,1670937025,1670971208,100
1670925615,2022,12,13,03,00,15,35.460000,89,35.460000,1019,1.010000,180,1670937025,1670971208,90
1670929215,2022,12,13,04,00,15,35.380000,90,35.380000,1018,1.990000,180,1670937025,1670971208,90
1670932817,2022,12,13,05,00,17,35.870000,89,33.690000,1017,3.000000,180,1670937025,1670971208,91
1670936453,2022,12,13,06,00,53,36.700000,88,36.700000,1017,1.990000,135,1670937025,1670971208,100
1670940013,2022,12,13,07,00,13,37.130000,88,37.130000,1017,1.990000,180,1670937025,1670971208,100
1670943645,2022,12,13,08,00,45,38.300000,86,29.320000,1017,16.110000,110,1670937025,1670971208,100
1670947214,2022,12,13,09,00,14,39.330000,85,31.750000,1018,12.660000,110,1670937025,1670971208,100
1670950820,2022,12,13,10,00,20,38.930000,90,30.470000,1016,14.970000,100,1670937025,1670971208,100
1670954452,2022,12,13,11,00,52,39.180000,93,30.130000,1015,17.270000,110,1670937025,1670971208,100
1670958013,2022,12,13,12,00,13,40.390000,95,36.910000,1013,5.010000,121,1670937025,1670971208,100
1670961645,2022,12,13,13,00,45,42.170000,94,33.170000,1012,20.710000,120,1670937025,1670971208,100
1670965214,2022,12,13,14,00,14,44.010000,93,36.970000,1011,14.970000,120,1670937025,1670971208,100
1670968808,2022,12,13,15,00,08,45.270000,94,37.740000,1010,18.410000,120,1670937025,1670971208,100
1670972439,2022,12,13,16,00,39,46.200000,94,44.020000,1011,4.610000,170,1670937025,1670971208,100
1670976010,2022,12,13,17,00,10,46.310000,95,40.950000,1010,11.500000,120,1670937025,1670971208,100
1670979633,2022,12,13,18,00,33,47.480000,95,40.150000,1009,20.710000,120,1670937025,1670971208,100
1670983227,2022,12,13,19,00,27,48.360000,95,41.310000,1008,20.710000,120,1670937025,1670971208,100
1670986809,2022,12,13,20,00,09,49.190000,95,42.620000,1008,19.570000,120,1670937025,1670971208,100
1670990442,2022,12,13,21,00,42,50.050000,95,49.230000,1007,23.020000,130,1670937025,1670971208,100
1670994043,2022,12,13,22,00,43,51.130000,95,50.410000,1006,16.110000,130,1670937025,1670971208,100
1670997613,2022,12,13,23,00,13,52.230000,96,51.670000,1006,17.270000,140,1671023467,1671057621,100
1671001224,2022,12,14,00,00,24,52.860000,96,52.360000,1006,14.970000,140,1671023467,1671057621,100
1671004810,2022,12,14,01,00,10,53.420000,96,52.970000,1006,10.360000,120,1671023467,1671057621,100
1671008413,2022,12,14,02,00,13,53.600000,96,53.170000,1005,9.220000,140,1671023467,1671057621,100
1671012029,2022,12,14,03,00,29,53.800000,96,53.380000,1005,10.360000,130,1671023467,1671057621,100
1671015618,2022,12,14,04,00,18,53.620000,96,53.190000,1005,6.910000,130,1671023467,1671057621,100
1671019219,2022,12,14,05,00,19,53.370000,96,52.920000,1005,1.990000,93,1671023467,1671057621,100
1671022822,2022,12,14,06,00,22,53.200000,96,52.740000,1006,8.050000,140,1671023467,1671057621,100
1671026413,2022,12,14,07,00,13,53.370000,97,52.970000,1006,1.010000,162,1671023467,1671057621,100
1671030016,2022,12,14,08,00,16,53.870000,97,53.510000,1005,8.050000,150,1671023467,1671057621,100
1671033613,2022,12,14,09,00,13,54.820000,97,54.570000,1007,8.050000,150,1671023467,1671057621,75
1671037237,2022,12,14,10,00,37,54.770000,97,54.500000,1006,4.610000,170,1671023467,1671057621,20
1671040814,2022,12,14,11,00,14,53.890000,95,53.440000,1006,1.010000,9,1671023467,1671057621,76
1671044434,2022,12,14,12,00,34,53.870000,81,52.770000,1004,1.990000,221,1671023467,1671057621,100
1671048018,2022,12,14,13,00,18,52.560000,85,51.510000,1004,1.990000,126,1671023467,1671057621,100
1671051633,2022,12,14,14,00,33,50.490000,90,49.460000,1003,1.010000,137,1671023467,1671057621,100
1671055231,2022,12,14,15,00,31,49.210000,93,49.210000,1003,0.000000,0,1671023467,1671057621,100
1671058808,2022,12,14,16,00,08,48.510000,95,47.230000,1004,3.890000,188,1671023467,1671057621,100
1671062427,2022,12,14,17,00,27,47.930000,95,46.920000,1003,3.440000,129,1671023467,1671057621,100
1671066012,2022,12,14,18,00,12,47.710000,96,47.710000,1002,1.010000,144,1671023467,1671057621,100
1671069640,2022,12,14,19,00,40,45.540000,95,38.350000,1003,17.270000,290,1671023467,1671057621,100
1671073212,2022,12,14,20,00,12,39.420000,91,31.100000,1004,14.970000,280,1671023467,1671057621,100
1671076821,2022,12,14,21,00,21,38.370000,86,31.460000,1004,10.360000,280,1671023467,1671057621,100
1671080411,2022,12,14,22,00,11,36.450000,86,34.360000,1004,3.000000,292,1671023467,1671057621,81
1671084041,2022,12,14,23,00,41,35.510000,86,35.510000,1004,1.990000,270,1671109908,1671144036,68
1671087625,2022,12,15,00,00,25,36.230000,83,36.230000,1004,1.990000,292,1671109908,1671144036,0
1671091237,2022,12,15,01,00,37,36.720000,80,36.720000,1004,1.990000,270,1671109908,1671144036,0
1671094834,2022,12,15,02,00,34,36.680000,78,34.610000,1005,3.000000,270,1671109908,1671144036,3
1671098415,2022,12,15,03,00,15,36.480000,77,34.390000,1005,3.000000,248,1671109908,1671144036,5
1671102028,2022,12,15,04,00,28,36.370000,77,34.270000,1005,3.000000,270,1671109908,1671144036,5
1671105646,2022,12,15,05,00,46,36.410000,77,34.300000,1005,3.000000,270,1671109908,1671144036,6
1671109217,2022,12,15,06,00,17,36.370000,78,36.370000,1006,1.990000,270,1671109908,1671144036,23
1671112813,2022,12,15,07,00,13,36.460000,76,28.600000,1006,11.500000,240,1671109908,1671144036,100
1671116429,2022,12,15,08,00,29,36.930000,76,33.760000,1006,4.000000,225,1671109908,1671144036,40
1671120030,2022,12,15,09,00,30,37.220000,72,37.220000,1006,1.990000,214,1671109908,1671144036,53
1671123616,2022,12,15,10,00,16,37.470000,72,37.470000,1006,1.990000,294,1671109908,1671144036,63
1671127211,2022,12,15,11,00,11,37.270000,70,35.290000,1005,3.000000,51,1671109908,1671144036,69
1671130832,2022,12,15,12,00,32,36.910000,72,33.750000,1006,4.000000,292,1671109908,1671144036,100
1671134446,2022,12,15,13,00,46,35.650000,71,25.920000,1006,16.110000,240,1671109908,1671144036,100
1671138027,2022,12,15,14,00,27,35.350000,74,31.950000,1007,4.000000,338,1671109908,1671144036,100
1671141610,2022,12,15,15,00,10,34.930000,73,24.280000,1008,18.410000,250,1671109908,1671144036,100
1671145230,2022,12,15,16,00,30,34.110000,73,28.740000,1009,5.990000,292,1671109908,1671144036,99
1671148812,2022,12,15,17,00,12,34.070000,73,30.470000,1010,4.000000,270,1671109908,1671144036,99
1671152427,2022,12,15,18,00,27,34.270000,73,30.690000,1010,4.000000,270,1671109908,1671144036,53
1671156009,2022,12,15,19,00,09,34.410000,70,32.050000,1009,3.000000,241,1671109908,1671144036,30
1671159631,2022,12,15,20,00,31,34.520000,72,34.520000,1009,1.990000,205,1671109908,1671144036,23
1671163220,2022,12,15,21,00,20,34.900000,73,34.900000,1010,1.990000,338,1671109908,1671144036,19
1671166831,2022,12,15,22,00,31,35.220000,71,32.970000,1010,3.000000,270,1671109908,1671144036,16
1671170413,2022,12,15,23,00,13,35.220000,69,32.970000,1010,3.000000,270,1671196348,1671230453,15
1671174012,2022,12,16,00,00,12,34.120000,71,34.120000,1009,1.990000,254,1671196348,1671230453,7
1671177609,2022,12,16,01,00,09,32.770000,73,32.770000,1009,1.990000,315,1671196348,1671230453,11
1671181213,2022,12,16,02,00,13,31.770000,74,29.050000,1010,3.000000,265,1671196348,1671230453,40
1671184820,2022,12,16,03,00,20,31.480000,74,28.720000,1009,3.000000,180,1671196348,1671230453,53
1671188423,2022,12,16,04,00,23,30.760000,74,27.910000,1009,3.000000,270,1671196348,1671230453,63
1671192018,2022,12,16,05,00,18,29.970000,75,27.010000,1009,3.000000,248,1671196348,1671230453,54
1671195629,2022,12,16,06,00,29,29.260000,73,24.910000,1010,4.000000,212,1671196348,1671230453,7
1671199239,2022,12,16,07,00,39,29.190000,73,26.150000,1010,3.000000,279,1671196348,1671230453,7
1671202822,2022,12,16,08,00,22,30.200000,70,24.940000,1010,5.010000,270,1671196348,1671230453,7
1671206413,2022,12,16,09,00,13,31.500000,66,26.470000,1011,5.010000,270,1671196348,1671230453,27
1671210013,2022,12,16,10,00,13,32.500000,65,27.660000,1011,5.010000,270,1671196348,1671230453,42
1671213557,2022,12,16,10,59,17,33.240000,63,29.520000,1010,4.000000,248,1671196348,1671230453,51
1671217211,2022,12,16,12,00,11,34.340000,62,29.820000,1010,5.010000,270,1671196348,1671230453,100
1671220831,2022,12,16,13,00,31,34.560000,61,30.070000,1010,5.010000,270,1671196348,1671230453,100
1671224410,2022,12,16,14,00,10,34.680000,60,29.430000,1011,5.990000,205,1671196348,1671230453,100
1671228011,2022,12,16,15,00,11,34.410000,61,30.870000,1011,4.000000,270,1671196348,1671230453,100
1671231629,2022,12,16,16,00,29,33.310000,57,30.810000,1011,3.000000,247,1671196348,1671230453,98
1671235211,2022,12,16,17,00,11,33.120000,61,30.580000,1012,3.000000,133,1671196348,1671230453,95
1671238846,2022,12,16,18,00,46,32.920000,63,32.920000,1012,1.990000,277,1671196348,1671230453,77
1671242409,2022,12,16,19,00,09,32.860000,64,32.860000,1012,1.990000,28,1671196348,1671230453,59
1671246010,2022,12,16,20,00,10,32.850000,65,30.270000,1012,3.000000,108,1671196348,1671230453,45
1671249624,2022,12,16,21,00,24,32.830000,63,22.660000,1012,14.970000,270,1671196348,1671230453,100
1671253212,2022,12,16,22,00,12,32.270000,62,29.620000,1012,3.000000,225,1671196348,1671230453,30
1671256834,2022,12,16,23,00,34,31.960000,61,29.280000,1012,3.000000,296,1671282785,1671316872,27
1671260415,2022,12,17,00,00,15,31.570000,59,31.570000,1011,1.990000,136,1671282785,1671316872,7
1671264033,2022,12,17,01,00,33,31.280000,60,27.250000,1012,4.000000,250,1671282785,1671316872,7
1671267616,2022,12,17,02,00,16,30.790000,61,27.950000,1012,3.000000,304,1671282785,1671316872,7
1671271221,2022,12,17,03,00,21,30.000000,63,30.000000,1011,1.990000,316,1671282785,1671316872,7
1671274816,2022,12,17,04,00,16,29.320000,65,26.290000,1012,3.000000,119,1671282785,1671316872,7
1671278434,2022,12,17,05,00,34,27.280000,64,23.990000,1012,3.000000,275,1671282785,1671316872,11
1671282028,2022,12,17,06,00,28,25.410000,68,25.410000,1012,1.990000,338,1671282785,1671316872,11
1671285624,2022,12,17,07,00,24,24.840000,68,21.220000,1013,3.000000,172,1671282785,1671316872,26
1671289220,2022,12,17,08,00,20,25.110000,68,21.520000,1014,3.000000,295,1671282785,1671316872,23
1671292826,2022,12,17,09,00,26,26.150000,66,21.310000,1015,4.000000,230,1671282785,1671316872,33
1671296420,2022,12,17,10,00,20,27.720000,61,24.480000,1015,3.000000,171,1671282785,1671316872,46
1671300012,2022,12,17,11,00,12,28.690000,59,25.570000,1015,3.000000,259,1671282785,1671316872,55
1671303610,2022,12,17,12,00,10,30.180000,59,25.970000,1014,4.000000,315,1671282785,1671316872,100
1671307213,2022,12,17,13,00,13,31.140000,60,26.060000,1015,5.010000,45,1671282785,1671316872,100
1671310814,2022,12,17,14,00,14,30.740000,60,26.620000,1016,4.000000,270,1671282785,1671316872,100
1671314428,2022,12,17,15,00,28,30.090000,60,25.860000,1016,4.000000,292,1671282785,1671316872,100
1671318012,2022,12,17,16,00,12,29.080000,63,24.710000,1017,4.000000,248,1671282785,1671316872,99
1671321612,2022,12,17,17,00,12,28.310000,65,25.140000,1018,3.000000,270,1671282785,1671316872,92
1671325229,2022,12,17,18,00,29,28.560000,66,25.430000,1018,3.000000,292,1671282785,1671316872,49
1671328816,2022,12,17,19,00,16,28.650000,66,28.650000,1019,1.990000,180,1671282785,1671316872,30
1671332411,2022,12,17,20,00,11,28.940000,66,24.530000,1019,4.000000,279,1671282785,1671316872,23
1671336029,2022,12,17,21,00,29,28.810000,65,24.390000,1019,4.000000,346,1671282785,1671316872,19
1671339621,2022,12,17,22,00,21,28.150000,65,23.630000,1020,4.000000,253,1671282785,1671316872,16
1671343217,2022,12,17,23,00,17,26.650000,69,26.650000,1020,1.010000,270,1671369221,1671403293,15
1671346816,2022,12,18,00,00,16,25.500000,72,25.500000,1020,1.990000,303,1671369221,1671403293,6
1671350424,2022,12,18,01,00,24,24.460000,74,24.460000,1020,1.990000,22,1671369221,1671403293,6
1671354019,2022,12,18,02,00,19,23.540000,74,23.540000,1021,1.990000,270,1671369221,1671403293,6
1671357615,2022,12,18,03,00,15,22.410000,75,22.410000,1022,1.990000,225,1671369221,1671403293,6
1671361214,2022,12,18,04,00,14,21.180000,74,17.080000,1023,3.000000,11,1671369221,1671403293,6
1671364815,2022,12,18,05,00,15,19.980000,71,19.980000,1024,1.010000,229,1671369221,1671403293,5
1671368416,2022,12,18,06,00,16,19.170000,74,19.170000,1025,1.990000,248,1671369221,1671403293,0
1671372032,2022,12,18,07,00,32,19.130000,75,19.130000,1026,1.990000,270,1671369221,1671403293,0
1671375626,2022,12,18,08,00,26,20.640000,72,20.640000,1026,1.990000,202,1671369221,1671403293,0
1671379218,2022,12,18,09,00,18,22.710000,68,18.810000,1027,3.000000,309,1671369221,1671403293,0
1671382819,2022,12,18,10,00,19,25.500000,62,25.500000,1028,1.990000,202,1671369221,1671403293,0
1671386422,2022,12,18,11,00,22,27.950000,58,24.750000,1027,3.000000,265,1671369221,1671403293,0
1671390011,2022,12,18,12,00,11,30.330000,56,27.430000,1027,3.000000,321,1671369221,1671403293,0
1671393619,2022,12,18,13,00,19,32.020000,53,28.090000,1026,4.000000,202,1671369221,1671403293,0
1671397221,2022,12,18,14,00,21,32.560000,53,29.950000,1026,3.000000,180,1671369221,1671403293,0
1671400810,2022,12,18,15,00,10,32.200000,53,32.200000,1027,1.990000,270,1671369221,1671403293,0
1671404415,2022,12,18,16,00,15,30.250000,56,26.620000,1027,3.530000,313,1671369221,1671403293,0
1671408014,2022,12,18,17,00,14,27.910000,62,24.690000,1027,3.000000,307,1671369221,1671403293,1
1671411619,2022,12,18,18,00,19,26.080000,66,26.080000,1028,2.510000,314,1671369221,1671403293,53
1671415214,2022,12,18,19,00,14,24.850000,69,24.850000,1027,1.860000,310,1671369221,1671403293,64
1671418814,2022,12,18,20,00,14,23.940000,70,23.940000,1029,1.830000,15,1671369221,1671403293,48
1671422424,2022,12,18,21,00,24,24.170000,71,24.170000,1029,1.770000,52,1671369221,1671403293,60
1671426012,2022,12,18,22,00,12,24.240000,72,24.240000,1029,2.590000,70,1671369221,1671403293,68
1671429613,2022,12,18,23,00,13,23.380000,73,23.380000,1030,2.240000,90,1671455655,1671489716,74
1671433211,2022,12,19,00,00,11,23.380000,75,23.380000,1030,1.300000,137,1671455655,1671489716,100
1671436829,2022,12,19,01,00,29,24.010000,75,24.010000,1030,2.210000,100,1671455655,1671489716,100
1671440424,2022,12,19,02,00,24,23.740000,76,19.620000,1030,3.220000,87,1671455655,1671489716,100
1671444014,2022,12,19,03,00,14,23.760000,77,18.720000,1030,3.870000,106,1671455655,1671489716,100
1671447613,2022,12,19,04,00,13,24.120000,75,18.190000,1030,4.650000,116,1671455655,1671489716,100
1671451220,2022,12,19,05,00,20,25.020000,75,17.980000,1030,5.930000,121,1671455655,1671489716,100
1671454847,2022,12,19,06,00,47,26.150000,74,26.150000,1030,1.010000,113,1671455655,1671489716,100
